{
	"info": {
		"_postman_id": "d6ffa6ee-25ef-44b5-b155-d914e250dc40",
		"name": "Studios",
		"schema": "https://schema.getpostman.com/json/collection/v2.1.0/collection.json",
		"_exporter_id": "23475897"
	},
	"item": [
		{
			"name": "all",
			"request": {
				"method": "GET",
				"header": [],
				"url": {
					"raw": "localhost:3000/studios",
					"host": ["localhost"],
					"port": "3000",
					"path": ["studios"]
				}
			},
			"response": []
		},
		{
			"name": "/:id",
			"protocolProfileBehavior": {
				"disableBodyPruning": true
			},
			"request": {
				"method": "GET",
				"header": [],
				"body": {
					"mode": "raw",
					"raw": "{\n    \"id\": \"64947140605511457e669be5\"\n}",
					"options": {
						"raw": {
							"language": "json"
						}
					}
				},
				"url": {
					"raw": "localhost:3000/studios",
					"host": ["localhost"],
					"port": "3000",
					"path": ["studios"]
				}
			},
			"response": []
		},
		{
			"name": "/:location",
			"request": {
				"method": "GET",
				"header": [],
				"url": {
					"raw": "localhost:3000/studios/locations/Manchester",
					"host": ["localhost"],
					"port": "3000",
					"path": ["studios", "locations", "Manchester"]
				}
			},
			"response": []
		},
		{
			"name": "/:location/services",
			"request": {
				"method": "GET",
				"header": [],
				"url": {
					"raw": "localhost:3000/studios/Manchester/services/?services=Aerial%20Hoop&services=Aerial%20Silks",
					"host": ["localhost"],
					"port": "3000",
					"path": ["studios", "Manchester", "services", ""],
					"query": [
						{
							"key": "services",
							"value": "Pole%20Fitness",
							"disabled": true
						},
						{
							"key": "services",
							"value": "Pole%20Dance",
							"disabled": true
						},
						{
							"key": "services",
							"value": "Aerial%20Hoop"
						},
						{
							"key": "services",
							"value": "Aerial%20Silks"
						}
					]
				}
			},
			"response": []
		},
		{
			"name": "/studios",
			"request": {
				"method": "POST",
				"header": [],
				"body": {
					"mode": "raw",
					"raw": "{\n        \"name\": \"Siren Asylum\",\n            \"email_address\": \"info@sirenasylum.com\",\n        \"location\": {\n            \"address\": \"24 Missouri Ave\",\n            \"post_code\": \"M50 2NP\",\n            \"city\": \"Manchester\",\n            \"region\": \"North West\",\n            \"country\": \"England\"\n        },\n        \"social_links\": {\n            \"website\": \"www.sirenasylum.co.uk\",\n            \"instagram\": \"www.instagram.com/sirenasylumfitness\",\n            \"facebook:\": \"www.facebook.com/sirenasylum\"\n        },\n        \"logo\": \"/Users/lana.gordon/Documents/Bench-Projects/aeriform/frontend/src/assets/studio-logos/siren-asylum.png\",\n        \"services\": [\n            \"Aerial Hoop\",\n            \"Aerial Silks\"\n        ]\n    }",
					"options": {
						"raw": {
							"language": "json"
						}
					}
				},
				"url": {
					"raw": "localhost:3000/studios",
					"host": ["localhost"],
					"port": "3000",
					"path": ["studios"]
				}
			},
			"response": []
		}
	]
}
